Title,Product Image URL,Price,Freight,MOQ,Guaranteed Tags,Product URL
DHM100D Horizontal 4 Axes CNC Milling Machine For Metal Processing,//www.alibaba.com/product-detail/DHM100D-Horizontal-4-Axes-CNC-Milling_1601049917892.html,"$211,000.00 - $234,000.00",Shipping to be negotiated,Min. Order: 1 unit,Easy Return,Image URL Not Available
MVL1890 Top Supplier Vertical Machining C enter  VMC 3 4 Axis CNC Milling Machine Universal,//www.alibaba.com/product-detail/MVL1890-Top-Supplier-Vertical-Machining-C_62103883957.html,"$75,400.00 - $83,600.00",Shipping to be negotiated,Min. Order: 1 set,Easy Return,//sc04.alicdn.com/kf/H22b19388652b4a57ba374369b3b680dc0.png_100x100.png
MVL1690 High Productivity CNC Vertical Drilling Milling Machine Used For Medium-Sized Parts Processing,//www.alibaba.com/product-detail/MVL1690-High-Productivity-CNC-Vertical-Drilling_62410012908.html,"$69,500.00 - $76,900.00",Shipping to be negotiated,Min. Order: 1 set,Easy Return,Image URL Not Available
MX800 Complex Surface Machining CNC 5-Axis Vertical Machining Center,//www.alibaba.com/product-detail/MX800-Complex-Surface-Machining-CNC-5_1600797894694.html,"$299,000.00 - $331,000.00",Shipping to be negotiated,Min. Order: 1 piece,Easy Return,Image URL Not Available
GMF3216 Double Column Gantry CNC Metal Milling Machine With Fanuc Control System,//www.alibaba.com/product-detail/GMF3216-Double-Column-Gantry-CNC-Metal_1601044579429.html,"$92,800.00 - $102,800.00",Shipping to be negotiated,Min. Order: 1 unit,Easy Return,//sc04.alicdn.com/kf/H22b19388652b4a57ba374369b3b680dc0.png_100x100.png
MVL1890 GUOSHENG CNC Vertical Milling Drill Machine Frame With Automatic Tool Change Device,//www.alibaba.com/product-detail/MVL1890-GUOSHENG-CNC-Vertical-Milling-Drill_1601043857333.html,"$75,400.00 - $83,600.00",Shipping to be negotiated,Min. Order: 1 unit,Easy Return,//sc04.alicdn.com/kf/H22b19388652b4a57ba374369b3b680dc0.png_100x100.png
GMB2520LX High Quality Bridge Type CNC 5 Axis Metal Double Column Gantry Milling Machine,//www.alibaba.com/product-detail/GMB2520LX-High-Quality-Bridge-Type-CNC_1600256234904.html,"$485,000.00 - $538,000.00",Shipping to be negotiated,Min. Order: 1 piece,Easy Return,Image URL Not Available
GMF3216 Heavy Cut CNC Gantry Milling Machine Center Used In Precision Mold,//www.alibaba.com/product-detail/GMF3216-Heavy-Cut-CNC-Gantry-Milling_62087508326.html,"$92,800.00 - $102,800.00",Shipping to be negotiated,Min. Order: 1 set,Easy Return,//sc04.alicdn.com/kf/H22b19388652b4a57ba374369b3b680dc0.png_100x100.png
MX800 High Precision 5 Axis Vertical CNC Milling Machine  5 Axes CNC,//www.alibaba.com/product-detail/MX800-High-Precision-5-Axis-Vertical_1601035789625.html,"$260,000.00 - $288,000.00",Shipping to be negotiated,Min. Order: 1 piece,Easy Return,Image URL Not Available
GMB2520L Machinery Manufacturer's Gantry CNC Metal Milling Machining Center,//www.alibaba.com/product-detail/GMB2520L-Machinery-Manufacturer-s-Gantry-CNC_1601034567505.html,"$242,000.00 - $268,000.00",Shipping to be negotiated,Min. Order: 1 piece,Easy Return,Image URL Not Available
iHT521L Heavy Duty Precision Horizontal CNC Lathe Machine,//www.alibaba.com/product-detail/iHT521L-Heavy-Duty-Precision-Horizontal-CNC_1601026096276.html,"$38,100.00 - $42,200.00",Shipping to be negotiated,Min. Order: 1 piece,Easy Return,Image URL Not Available
MX800 High Precision Vertical CNC 5 Axis Milling Machine Center,//www.alibaba.com/product-detail/MX800-High-Precision-Vertical-CNC-5_1601030511268.html,"$299,000.00 - $331,000.00",Shipping to be negotiated,Min. Order: 1 piece,Easy Return,Image URL Not Available
VM1165 High Quality Metal Vertical CNC Milling Machine Used For Steel Alloy Metal  Aluminium Mould,//www.alibaba.com/product-detail/VM1165-High-Quality-Metal-Vertical-CNC_62345540000.html,"$68,500.00 - $75,900.00",Shipping to be negotiated,Min. Order: 1 set,Easy Return,Image URL Not Available
VM960 Aluminium Profile  3 Axis CNC Vertical Automatic Drilling And Milling Machine,//www.alibaba.com/product-detail/VM960-Aluminium-Profile-3-Axis-CNC_1601043638279.html,"$57,100.00 - $63,300.00",Shipping to be negotiated,Min. Order: 1 unit,Easy Return,//sc04.alicdn.com/kf/H22b19388652b4a57ba374369b3b680dc0.png_100x100.png
DBM130 Automatic CNC Horizontal Boring Milling Machine Equipment,//www.alibaba.com/product-detail/DBM130-Automatic-CNC-Horizontal-Boring-Milling_1601044347036.html,"$239,000.00 - $265,000.00",Shipping to be negotiated,Min. Order: 1 unit,Easy Return,Image URL Not Available
HME80D Heavy Cutting Horizontal CNC Milling Machines Centro,//www.alibaba.com/product-detail/HME80D-Heavy-Cutting-Horizontal-CNC-Milling_1601033715846.html,"$154,000.00 - $170,000.00",Shipping to be negotiated,Min. Order: 1 piece,Easy Return,Image URL Not Available
GMF3028 High Rigidity CNC Portal Gantry Milling Machine Center,//www.alibaba.com/product-detail/GMF3028-High-Rigidity-CNC-Portal-Gantry_1601032535478.html,"$147,000.00 - $163,000.00",Shipping to be negotiated,Min. Order: 1 piece,Easy Return,//sc04.alicdn.com/kf/H22b19388652b4a57ba374369b3b680dc0.png_100x100.png
GMF8038X 5 Axis CNC Fixed Beam Double Column Gantry Type Milling Machining Center,//www.alibaba.com/product-detail/GMF8038X-5-Axis-CNC-Fixed-Beam_1600256407653.html,"$543,000.00 - $602,000.00",Shipping to be negotiated,Min. Order: 1 piece,Easy Return,Image URL Not Available
DBM110 CNC Horizontal Boring Milling Machines Manufacturers,//www.alibaba.com/product-detail/DBM110-CNC-Horizontal-Boring-Milling-Machines_1600462965987.html,"$210,000.00 - $233,000.00",Shipping to be negotiated,Min. Order: 1 piece,Easy Return,Image URL Not Available
iHT1031 Fanuc Control System CNC Metal Lathe Machines For Sale,//www.alibaba.com/product-detail/iHT1031-Fanuc-Control-System-CNC-Metal_1600566522953.html,"$57,800.00 - $64,000.00",Shipping to be negotiated,Min. Order: 1 piece,Easy Return,Image URL Not Available
GMS1480 High Rigidity Gantry Type CNC Milling Machine For Sale,//www.alibaba.com/product-detail/GMS1480-High-Rigidity-Gantry-Type-CNC_1600967473761.html,"$71,500.00 - $79,300.00",Shipping to be negotiated,Min. Order: 1 piece,Easy Return,//sc04.alicdn.com/kf/H22b19388652b4a57ba374369b3b680dc0.png_100x100.png
CMV855 Mini Metal CNC Vertical Milling Machine Machining Center,//www.alibaba.com/product-detail/CMV855-Mini-Metal-CNC-Vertical-Milling_60812207310.html,"$26,600.00 - $29,600.00",Shipping to be negotiated,Min. Order: 1 set,Easy Return,//sc04.alicdn.com/kf/H22b19388652b4a57ba374369b3b680dc0.png_100x100.png
MVL1580 CHINA 3 Axis CNC Milling Machine Center Factory Price,//www.alibaba.com/product-detail/MVL1580-CHINA-3-Axis-CNC-Milling_1601025432496.html,"$61,500.00 - $68,100.00",Shipping to be negotiated,Min. Order: 1 piece,Easy Return,Image URL Not Available
GMF2213 Hot Sale Small Milling High Precision CNC Milling Machine For Metal Processing,//www.alibaba.com/product-detail/GMF2213-Hot-Sale-Small-Milling-High_1600952161348.html,"$79,000.00 - $89,600.00",Shipping to be negotiated,Min. Order: 1 piece,Easy Return,//sc04.alicdn.com/kf/H22b19388652b4a57ba374369b3b680dc0.png_100x100.png
GVL850 Composite Processing CNC Vertical Turning Lathe Machine,//www.alibaba.com/product-detail/GVL850-Composite-Processing-CNC-Vertical-Turning_1601063691482.html,"$87,500.00 - $96,900.00",Shipping to be negotiated,Min. Order: 1 unit,Easy Return,Image URL Not Available
iHT521L CNC Lathe Machine Slant Bed Design for Efficient Metal Processing Competitive Price,//www.alibaba.com/product-detail/iHT521L-CNC-Lathe-Machine-Slant-Bed_1601077618662.html,"$38,100.00 - $42,200.00",Shipping to be negotiated,Min. Order: 1 unit,Easy Return,Image URL Not Available
GMB2520LX 5 Axis CNC Gantry Milling Machine Manufactured in China,//www.alibaba.com/product-detail/GMB2520LX-5-Axis-CNC-Gantry-Milling_1600941649669.html,"$485,000.00 - $538,000.00",Shipping to be negotiated,Min. Order: 1 piece,Easy Return,Image URL Not Available
IHT321e Mini Automatic CNC Metal Lathe Turning Center Small Automatic Grade,//www.alibaba.com/product-detail/IHT321e-Mini-Automatic-CNC-Metal-Lathe_62423913827.html,"$26,700.00 - $29,600.00",Shipping to be negotiated,Min. Order: 1 set,Easy Return,Image URL Not Available
MVL1690 Heavy-Duty Fanuc Control System Vertical CNC Milling Cutting Machine Machining Centre for Mould Processing,//www.alibaba.com/product-detail/MVL1690-Heavy-Duty-Fanuc-Control-System_62062241038.html,"$69,500.00 - $76,900.00",Shipping to be negotiated,Min. Order: 1 set,Easy Return,//sc04.alicdn.com/kf/H22b19388652b4a57ba374369b3b680dc0.png_100x100.png
GMF4034RH High Rigidity CNC Plane Plano Milling Machine For Sale,//www.alibaba.com/product-detail/GMF4034RH-High-Rigidity-CNC-Plane-Plano_1600368025029.html,"$217,000.00 - $240,000.00",Shipping to be negotiated,Min. Order: 1 piece,Easy Return,//sc04.alicdn.com/kf/H22b19388652b4a57ba374369b3b680dc0.png_100x100.png
MVL1890 New design CNC Vertical Milling Machining  Center Price,//www.alibaba.com/product-detail/MVL1890-New-design-CNC-Vertical-Milling_1600967650473.html,"$75,400.00 - $83,600.00",Shipping to be negotiated,Min. Order: 1 piece,Easy Return,//sc04.alicdn.com/kf/H22b19388652b4a57ba374369b3b680dc0.png_100x100.png
iHT521 Horizontal Milling Lathe CNC Machine  For Metal Processing,//www.alibaba.com/product-detail/iHT521-Horizontal-Milling-Lathe-CNC-Machine_1601042272862.html,"$33,600.00 - $37,300.00",Shipping to be negotiated,Min. Order: 1 set,Easy Return,Image URL Not Available
iHT521 High Precision CNC Metal Lathe Machine Price,//www.alibaba.com/product-detail/iHT521-High-Precision-CNC-Metal-Lathe_1601043742947.html,"$33,600.00 - $37,300.00",Shipping to be negotiated,Min. Order: 1 set,Easy Return,Image URL Not Available
iHT521 Metal CNC Mini Lathe Machine Price,//www.alibaba.com/product-detail/iHT521-Metal-CNC-Mini-Lathe-Machine_62274288023.html,"$33,600.00 - $37,300.00",Shipping to be negotiated,Min. Order: 1 set,Easy Return,Image URL Not Available
CMV855 High Precision 4 Axis CNC Vertical Milling Machine Processing,//www.alibaba.com/product-detail/CMV855-High-Precision-4-Axis-CNC_1601106111739.html,"$32,800.00 - $36,000.00",Shipping to be negotiated,Min. Order: 1 unit,Easy Return,Image URL Not Available
DBM130B 5 Axis Overloading Horizontal Boring Milling Machine Used For Processing Motorcycle Cylinder,//www.alibaba.com/product-detail/DBM130B-5-Axis-Overloading-Horizontal-Boring_60476695807.html,"$281,000.00 - $312,000.00",Shipping to be negotiated,Min. Order: 1 set,Easy Return,Image URL Not Available
GMF8034R Large CNC Double Column Gantry Milling Machine Center Metal Machining,//www.alibaba.com/product-detail/GMF8034R-Large-CNC-Double-Column-Gantry_62086620764.html,"$315,000.00 - $348,000.00",Shipping to be negotiated,Min. Order: 1 set,Easy Return,//sc04.alicdn.com/kf/H22b19388652b4a57ba374369b3b680dc0.png_100x100.png
MX650 5 Axis CNC Milling Machine Vertical CNC Machining Center,//www.alibaba.com/product-detail/MX650-5-Axis-CNC-Milling-Machine_1600754240952.html,"$171,000.00 - $189,000.00",Shipping to be negotiated,Min. Order: 1 piece,Easy Return,Image URL Not Available
iHT1031M CNC Turning And Milling Lathe Machine For Metal Processing,//www.alibaba.com/product-detail/iHT1031M-CNC-Turning-And-Milling-Lathe_1601038287188.html,"$66,700.00 - $73,900.00",Shipping to be negotiated,Min. Order: 1 piece,Easy Return,Image URL Not Available
CMV1160 High Performance 3 Axis Vertical CNC Milling Machining Center Use Fanuc Control System,//www.alibaba.com/product-detail/CMV1160-High-Performance-3-Axis-Vertical_60479643410.html,"$32,000.00 - $35,300.00",Shipping to be negotiated,Min. Order: 1 set,Easy Return,//sc04.alicdn.com/kf/H22b19388652b4a57ba374369b3b680dc0.png_100x100.png
iHT521L CNC Turning Lathe Machine Center For Metal Processing Price,//www.alibaba.com/product-detail/iHT521L-CNC-Turning-Lathe-Machine-Center_1601107310010.html,"$38,100.00 - $40,000.00",Shipping to be negotiated,Min. Order: 5 units,Easy Return,Image URL Not Available
CMV1160 3-Axis High Precision VMC CNC Milling Machine Center for High Quality Aluminum Profile Processing,//www.alibaba.com/product-detail/CMV1160-3-Axis-High-Precision-VMC_60857956886.html,"$32,000.00 - $35,300.00",Shipping to be negotiated,Min. Order: 1 set,Easy Return,//sc04.alicdn.com/kf/H22b19388652b4a57ba374369b3b680dc0.png_100x100.png
GS-AD80C GUOSHENG Manual Double-sided Right Angle Angular Milling Cutter Head,//www.alibaba.com/product-detail/GS-AD80C-GUOSHENG-Manual-Double-sided_1601039858376.html,"$5,658.00 - $6,269.00",Shipping to be negotiated,Min. Order: 1 piece,Easy Return,Image URL Not Available
MVL1165 High Speed CNC Vertical Milling Machine Center For Metal Processing,//www.alibaba.com/product-detail/MVL1165-High-Speed-CNC-Vertical-Milling_62410012922.html,"$44,100.00 - $48,800.00",Shipping to be negotiated,Min. Order: 1 set,Easy Return,Image URL Not Available
DBM130 Super Engine Power CNC boring milling machines center,//www.alibaba.com/product-detail/DBM130-Super-Engine-Power-CNC-boring_1601051559085.html,"$244,000.00 - $270,000.00",Shipping to be negotiated,Min. Order: 1 unit,Easy Return,Image URL Not Available
DHM80X CNC 5 Axis Horizontal Milling Machines Center Applied In The Field Of New Energy,//www.alibaba.com/product-detail/DHM80X-CNC-5-Axis-Horizontal-Milling_1600584943538.html,"$174,000.00 - $193,000.00",Shipping to be negotiated,Min. Order: 1 piece,Easy Return,Image URL Not Available
DBM110 Horizontal CNC Boring machine For Sale Used In Cylinder Processing,//www.alibaba.com/product-detail/DBM110-Horizontal-CNC-Boring-machine-For_1600512821392.html,"$214,000.00 - $237,000.00",Shipping to be negotiated,Min. Order: 1 piece,Easy Return,Image URL Not Available
iHT521 Automatic CNC Turret Metal Lathe Machine For Metal Cutting,//www.alibaba.com/product-detail/iHT521-Automatic-CNC-Turret-Metal-Lathe_62504613960.html,"$33,600.00 - $37,300.00",Shipping to be negotiated,Min. Order: 1 set,Easy Return,Image URL Not Available
MX650 5 Axis CNC Vertical Metal Milling Machining Center Price,//www.alibaba.com/product-detail/MX650-5-Axis-CNC-Vertical-Metal_1600454021742.html,"$168,000.00 - $186,000.00",Shipping to be negotiated,Min. Order: 1 piece,Easy Return,//sc04.alicdn.com/kf/H22b19388652b4a57ba374369b3b680dc0.png_100x100.png
iHT1031M High-efficiency 3 Axis CNC Lathe CNC Slant Bed Lathe CNC Lathe Machine,//www.alibaba.com/product-detail/iHT1031M-High-efficiency-3-Axis-CNC_1600910251282.html,"$66,700.00 - $73,900.00",Shipping to be negotiated,Min. Order: 1 piece,Easy Return,Image URL Not Available
MX800 Heidenhain Machining Center 5Axis CNC Vertical Milling Machine Manufacturing,//www.alibaba.com/product-detail/MX800-Heidenhain-Machining-Center-5Axis-CNC_1600980735192.html,"$299,000.00 - $331,000.00",Shipping to be negotiated,Min. Order: 1 piece,Easy Return,Image URL Not Available
GMF2216 CNC Auto Gantry Type Milling Machine Machining Center Manufacturer,//www.alibaba.com/product-detail/GMF2216-CNC-Auto-Gantry-Type-Milling_1600295416332.html,"$82,600.00 - $91,500.00",Shipping to be negotiated,Min. Order: 1 piece,Easy Return,//sc04.alicdn.com/kf/H22b19388652b4a57ba374369b3b680dc0.png_100x100.png
iHT1031M CNC Turning Lathe Milling Machining Center CNC Longitudinal Turning Machine,//www.alibaba.com/product-detail/iHT1031M-CNC-Turning-Lathe-Milling-Machining_1600966395647.html,"$66,700.00 - $73,900.00",Shipping to be negotiated,Min. Order: 1 piece,Easy Return,Image URL Not Available
CMV1160 3 Axis Vertical Metal CNC Milling Machine With Automatic Tool Changer,//www.alibaba.com/product-detail/CMV1160-3-Axis-Vertical-Metal-CNC_62314646654.html,"$32,000.00 - $35,300.00",Shipping to be negotiated,Min. Order: 1 set,Easy Return,Image URL Not Available
MVL855 Precision Vertical CNC Milling Machine Machining Center,//www.alibaba.com/product-detail/MVL855-Precision-Vertical-CNC-Milling-Machine_62577873699.html,"$34,100.00 - $37,800.00",Shipping to be negotiated,Min. Order: 1 set,Easy Return,Image URL Not Available
GMF6052ARH CNC Auto 5-Face Gantry Milling Machining Centre from Manufacturer,//www.alibaba.com/product-detail/GMF6052ARH-CNC-Auto-5-Face-Gantry_1600318233711.html,"$388,000.00 - $431,000.00",Shipping to be negotiated,Min. Order: 1 piece,Easy Return,//sc04.alicdn.com/kf/H22b19388652b4a57ba374369b3b680dc0.png_100x100.png
MVL1165 China Vertical CNC Milling Machine VMC Machining Center Factory Price,//www.alibaba.com/product-detail/MVL1165-China-Vertical-CNC-Milling-Machine_62314647146.html,"$44,100.00 - $48,800.00",Shipping to be negotiated,Min. Order: 1 set,Easy Return,//sc04.alicdn.com/kf/H22b19388652b4a57ba374369b3b680dc0.png_100x100.png
iHT521 China CNC Slant Bed Lathe Machine Used For Alloy Wheel Repair Diamond Cutting,//www.alibaba.com/product-detail/iHT521-China-CNC-Slant-Bed-Lathe_60492846475.html,"$33,600.00 - $37,300.00",Shipping to be negotiated,Min. Order: 1 set,Easy Return,Image URL Not Available
MVL1165 High Performance 3 Axis Vertical CNC Milling Machine Machining Center Use Fanuc Control System,//www.alibaba.com/product-detail/MVL1165-High-Performance-3-Axis-Vertical_1600831653239.html,"$44,100.00 - $48,800.00",Shipping to be negotiated,Min. Order: 1 piece,Easy Return,//sc04.alicdn.com/kf/H22b19388652b4a57ba374369b3b680dc0.png_100x100.png
iHT625  Fanuc lathe CNC lathe for sale horizontal CNC lathe,//www.alibaba.com/product-detail/iHT625-Fanuc-lathe-CNC-lathe-for_62375940324.html,"$42,100.00 - $46,600.00",Shipping to be negotiated,Min. Order: 1 set,Easy Return,Image URL Not Available
iHT521 Easy Operation CNC Automatic Turning Lathe Machine For Sale In China,//www.alibaba.com/product-detail/iHT521-Easy-Operation-CNC-Automatic-Turning_60455969197.html,"$33,600.00 - $37,300.00",Shipping to be negotiated,Min. Order: 1 set,Easy Return,Image URL Not Available
MX650 Vertical  5 Axis CNC Milling Machine Cenrer For Precision Mould,//www.alibaba.com/product-detail/MX650-Vertical-5-Axis-CNC-Milling_1600142975882.html,"$168,000.00 - $186,000.00",Shipping to be negotiated,Min. Order: 1 set,Easy Return,Image URL Not Available
MVL1690 Vertical CNC Drilling and Milling Machine Machining Centre for Metal Processing,//www.alibaba.com/product-detail/MVL1690-Vertical-CNC-Drilling-and-Milling_1600916360699.html,"$69,500.00 - $76,900.00",Shipping to be negotiated,Min. Order: 1 piece,Easy Return,//sc04.alicdn.com/kf/H22b19388652b4a57ba374369b3b680dc0.png_100x100.png
GMF15050RH Heavy-Duty Single-Spindle CNC Milling Machine for Sale with Robust Gear and Engine Features PLC Control,//www.alibaba.com/product-detail/GMF15050RH-Heavy-Duty-Single-Spindle-CNC_1600512435808.html,"$617,000.00 - $683,000.00",Shipping to be negotiated,Min. Order: 1 piece,Easy Return,//sc04.alicdn.com/kf/H22b19388652b4a57ba374369b3b680dc0.png_100x100.png
DHM100 High Precision 4 Axis Horizontal CNC Milling Machines Center,//www.alibaba.com/product-detail/DHM100-High-Precision-4-Axis-Horizontal_1600884523150.html,"$166,000.00 - $184,000.00",Shipping to be negotiated,Min. Order: 1 piece,Easy Return,Image URL Not Available
DBM110 CNC Valve Seat Boring Machine For Metal Processing,//www.alibaba.com/product-detail/DBM110-CNC-Valve-Seat-Boring-Machine_62312870491.html,"$214,000.00 - $237,000.00",Shipping to be negotiated,Min. Order: 1 set,Easy Return,Image URL Not Available
DBM130 5-Axis Overloading Type CNC Horizont Bore MillIing Machine Used In Petroleum And Aviation Industry,//www.alibaba.com/product-detail/DBM130-5-Axis-Overloading-Type-CNC_60497707783.html,"$239,000.00 - $265,000.00",Shipping to be negotiated,Min. Order: 1 set,Easy Return,Image URL Not Available
HME100 Horizontal CNC Milling Machine ODM Manufacture Center Metal Processing,//www.alibaba.com/product-detail/HME100-Horizontal-CNC-Milling-Machine-ODM_1600954835155.html,"$113,000.00 - $125,000.00",Shipping to be negotiated,Min. Order: 1 piece,Easy Return,Image URL Not Available
DHM63 4 Axis Horizontal CNC Milling Machine Optional Fanuc 31i Machining Center HMC,//www.alibaba.com/product-detail/DHM63-4-Axis-Horizontal-CNC-Milling_1601062390950.html,"$134,000.00 - $148,000.00",Shipping to be negotiated,Min. Order: 1 unit,Easy Return,Image URL Not Available
HME125 4 Axis Horizontal CNC Milling Drilling Machine High Performance Machining Centre,//www.alibaba.com/product-detail/HME125-4-Axis-Horizontal-CNC-Milling_1601075915523.html,"$195,000.00 - $216,000.00",Shipping to be negotiated,Min. Order: 1 unit,Easy Return,Image URL Not Available
HME80 Hot Sale 4 Axis CNC Horizontal Milling Machining Machine Services Center With Rotary Table,//www.alibaba.com/product-detail/HME80-Hot-Sale-4-Axis-CNC_62384371225.html,"$108,000.00 - $120,000.00",Shipping to be negotiated,Min. Order: 1 set,Easy Return,Image URL Not Available
DBE110 China High Accuracy CNC Cylinder Horizontal Boring And Honing Machine For Sale,//www.alibaba.com/product-detail/DBE110-China-High-Accuracy-CNC-Cylinder_1600958028722.html,"$158,000.00 - $175,000.00",Shipping to be negotiated,Min. Order: 1 piece,Easy Return,Image URL Not Available
HME80 Economical CNC Horizontal Milling Machining Centre for Efficient Metal Processing,//www.alibaba.com/product-detail/HME80-Economical-CNC-Horizontal-Milling-Machining_1600789162344.html,"$117,000.00 - $129,000.00",Shipping to be negotiated,Min. Order: 1 piece,Easy Return,Image URL Not Available
DHM100 Heavy Duty 4 Axis Horizontal CNC Milling Machine Center,//www.alibaba.com/product-detail/DHM100-Heavy-Duty-4-Axis-Horizontal_1600958481766.html,"$166,000.00 - $184,000.00",Shipping to be negotiated,Min. Order: 1 piece,Easy Return,Image URL Not Available
HME80D Horizontal CNC Milling Machines Taiwan Spindle CNC Machine,//www.alibaba.com/product-detail/HME80D-Horizontal-CNC-Milling-Machines-Taiwan_1600552216064.html,"$154,000.00 - $170,000.00",Shipping to be negotiated,Min. Order: 1 piece,Easy Return,Image URL Not Available
DBE110 High Precision 5 Axis Portable Horizontal CNC Milling Boring Machine Price,//www.alibaba.com/product-detail/DBE110-High-Precision-5-Axis-Portable_62313158723.html,"$162,000.00 - $179,000.00",Shipping to be negotiated,Min. Order: 1 set,Easy Return,Image URL Not Available
DBM130 5 Axis CNC Horizontal Reboring Cylinder Boring Machine Used In Energy Petroleum,//www.alibaba.com/product-detail/DBM130-5-Axis-CNC-Horizontal-Reboring_60455286582.html,"$266,000.00 - $295,000.00",Shipping to be negotiated,Min. Order: 1 set,Easy Return,Image URL Not Available
DBM130 Heavy Cutting CNC Big Horizontal Boring Milling Machine Center,//www.alibaba.com/product-detail/DBM130-Heavy-Cutting-CNC-Big-Horizontal_1600659169064.html,"$244,000.00 - $270,000.00",Shipping to be negotiated,Min. Order: 1 piece,Easy Return,Image URL Not Available
HME63 Horizontal Milling Machine Horizontal Milling Centre CNC Machining Horizontal Fanuc,//www.alibaba.com/product-detail/HME63-Horizontal-Milling-Machine-Horizontal-Milling_1600979317420.html,"$89,900.00 - $99,700.00",Shipping to be negotiated,Min. Order: 1 piece,Easy Return,Image URL Not Available
DBE110 Small Horizontal Boring Drilling Machine Horizontal Boring Machine CNC 5 Axis Milling Machine,//www.alibaba.com/product-detail/DBE110-Small-Horizontal-Boring-Drilling-Machine_1600983132157.html,"$158,000.00 - $175,000.00",Shipping to be negotiated,Min. Order: 1 piece,Easy Return,Image URL Not Available
HME80 CNC Fanuc System Horizontal Turning  Milling Machinery Centers Price,//www.alibaba.com/product-detail/HME80-CNC-Fanuc-System-Horizontal-Turning_1600969931675.html,"$108,000.00 - $132,000.00",Shipping to be negotiated,Min. Order: 1 piece,Easy Return,Image URL Not Available
DBM110 CNC Horizontal Boring And & Milling Machine Multi,//www.alibaba.com/product-detail/DBM110-CNC-Horizontal-Boring-And-Milling_1600970895587.html,"$207,000.00 - $245,000.00",Shipping to be negotiated,Min. Order: 1 piece,Easy Return,Image URL Not Available
DBM110 China High Precision 5 Axis Horizontal CNC Line Boring And Welding Milling Machines Center,//www.alibaba.com/product-detail/DBM110-China-High-Precision-5-Axis_60497367230.html,"$225,000.00 - $249,000.00",Shipping to be negotiated,Min. Order: 1 set,Easy Return,Image URL Not Available
HME63 4 Axis Horizontal CNC Milling Machining Machine Center With Automatic Tool,//www.alibaba.com/product-detail/HME63-4-Axis-Horizontal-CNC-Milling_62387280299.html,"$86,600.00 - $96,000.00",Shipping to be negotiated,Min. Order: 1 set,Easy Return,Image URL Not Available
Fast Supply DBM110 Boring Machines High-Efficiency Engine Block Horizontal Boring Machine,//www.alibaba.com/product-detail/Fast-Supply-DBM110-Boring-Machines-High_60455439903.html,"$210,000.00 - $233,000.00",Shipping to be negotiated,Min. Order: 1 set,Easy Return,Image URL Not Available
DBE110 Horizontal 5 Axis Milling Boring CNC Machine Fanuc,//www.alibaba.com/product-detail/DBE110-Horizontal-5-Axis-Milling-Boring_1600957993597.html,"$162,000.00 - $179,000.00",Shipping to be negotiated,Min. Order: 1 piece,Easy Return,Image URL Not Available
CMV855 High Precision 3 Axis Vertical CNC Milling Machine Machining Center Factory Price,//www.alibaba.com/product-detail/CMV855-High-Precision-3-Axis-Vertical_62098509861.html,"$26,600.00 - $29,600.00",Shipping to be negotiated,Min. Order: 1 set,Easy Return,Image URL Not Available
HME63 Listed Company CNC Horizontal Milling Machines Horizontal Machining Center,//www.alibaba.com/product-detail/HME63-Listed-Company-CNC-Horizontal-Milling_1600751572528.html,"$81,700.00 - $90,600.00",Shipping to be negotiated,Min. Order: 1 piece,Easy Return,Image URL Not Available
DHM125X 5 Axis CNC Horizontal Machining Centre Metal Turning & Milling Machine,//www.alibaba.com/product-detail/DHM125X-5-Axis-CNC-Horizontal-Machining_1601081992373.html,"$374,000.00 - $427,000.00",Shipping to be negotiated,Min. Order: 1 unit,Easy Return,Image URL Not Available
GMF6030R Heavy Duty Double Column Gantry Milling Machine CNC,//www.alibaba.com/product-detail/GMF6030R-Heavy-Duty-Double-Column-Gantry_1600941292195.html,"$225,000.00 - $249,000.00",Shipping to be negotiated,Min. Order: 1 piece,Easy Return,//sc04.alicdn.com/kf/H22b19388652b4a57ba374369b3b680dc0.png_100x100.png
iCT521Y High Precision Multi Purpose Function CNC Slant Bed Lathe Turning Milling Machine,//www.alibaba.com/product-detail/iCT521Y-High-Precision-Multi-Purpose-Function_1600895241955.html,"$59,400.00 - $65,800.00",Shipping to be negotiated,Min. Order: 1 piece,Easy Return,Image URL Not Available
DHM80D CNC Milling Machine Horizontal 4 Axis Machining Centre for Metal Processing,//www.alibaba.com/product-detail/DHM80D-CNC-Milling-Machine-Horizontal-4_1601071888872.html,"$195,000.00 - $216,000.00",Shipping to be negotiated,Min. Order: 1 unit,Easy Return,Image URL Not Available
MX650 High Precision 5 Axis Machining Center CNC Vertical Metal Milling Machine,//www.alibaba.com/product-detail/MX650-High-Precision-5-Axis-Machining_1601053362830.html,"$138,000.00 - $153,000.00",Shipping to be negotiated,Min. Order: 1 unit,Easy Return,Image URL Not Available
DHM63 CNC Horizontal Milling Machines Center With High Precision Rotary Table,//www.alibaba.com/product-detail/DHM63-CNC-Horizontal-Milling-Machines-Center_1600772293700.html,"$134,000.00 - $148,000.00",Shipping to be negotiated,Min. Order: 1 piece,Easy Return,Image URL Not Available
CMV1160 High Precision 3 Axis Vertical CNC Type Milling Machine Center,//www.alibaba.com/product-detail/CMV1160-High-Precision-3-Axis-Vertical_60829788551.html,"$32,000.00 - $35,300.00",Shipping to be negotiated,Min. Order: 1 set,Easy Return,//sc04.alicdn.com/kf/H22b19388652b4a57ba374369b3b680dc0.png_100x100.png
CMV1160 Fanuc System 3 Axis CNC Vertical Machine Center Price,//www.alibaba.com/product-detail/CMV1160-Fanuc-System-3-Axis-CNC_60535968418.html,"$32,000.00 - $35,300.00",Shipping to be negotiated,Min. Order: 1 set,Easy Return,//sc04.alicdn.com/kf/H22b19388652b4a57ba374369b3b680dc0.png_100x100.png
iHT521 Small CNC Slant Bed Turning Lathe Machine Center,//www.alibaba.com/product-detail/iHT521-Small-CNC-Slant-Bed-Turning_60473745057.html,"$33,600.00 - $37,300.00",Shipping to be negotiated,Min. Order: 1 set,Easy Return,Image URL Not Available
iHT521 Factory Price Metal CNC Turning  Lathe Machine Machining Center Use Fanuc System,//www.alibaba.com/product-detail/iHT521-Factory-Price-Metal-CNC-Turning_1600242702766.html,"$33,600.00 - $37,300.00",Shipping to be negotiated,Min. Order: 1 piece,Easy Return,Image URL Not Available
iHT521 Horizontal Slant Bed CNC Turning Lathe Machine For Metal Machining,//www.alibaba.com/product-detail/iHT521-Horizontal-Slant-Bed-CNC-Turning_1601106431303.html,"$35,000.00 - $37,300.00",Shipping to be negotiated,Min. Order: 1 set,Easy Return,Image URL Not Available
DHM80D CNC 4 Axis 380V Horizontal Metal Boring Milling Machine,//www.alibaba.com/product-detail/DHM80D-CNC-4-Axis-380V-Horizontal_1600279080514.html,"$195,000.00 - $216,000.00",Shipping to be negotiated,Min. Order: 1 piece,Easy Return,Image URL Not Available
CMV1160 CNC Drilling Milling Vertical Machines VMC Machine 3 Axis Machining Center,//www.alibaba.com/product-detail/CMV1160-CNC-Drilling-Milling-Vertical-Machines_1600981632203.html,"$32,000.00 - $35,300.00",Shipping to be negotiated,Min. Order: 1 piece,Easy Return,//sc04.alicdn.com/kf/H22b19388652b4a57ba374369b3b680dc0.png_100x100.png
DHM125X High Precision CNC Milling Turning Machining Service Machined Milled Turned Aluminum Machining,//www.alibaba.com/product-detail/DHM125X-High-Precision-CNC-Milling-Turning_1601101080933.html,"$374,000.00 - $427,000.00",Shipping to be negotiated,Min. Order: 1 unit,Easy Return,Image URL Not Available
iHT625 New Slant Bed Metal Automatic CNC Lathe Machine,//www.alibaba.com/product-detail/iHT625-New-Slant-Bed-Metal-Automatic_60516979270.html,"$42,100.00 - $46,600.00",Shipping to be negotiated,Min. Order: 1 set,Easy Return,Image URL Not Available
iHT625 Fanuc Slant Bed CNC Turning Lathe Machine Center Price With Driven Tools,//www.alibaba.com/product-detail/iHT625-Fanuc-Slant-Bed-CNC-Turning_62279045392.html,"$42,100.00 - $46,600.00",Shipping to be negotiated,Min. Order: 1 set,Easy Return,Image URL Not Available
iCT521Y Horizont CNC Lathe Milling Machine Manufacture,//www.alibaba.com/product-detail/iCT521Y-Horizont-CNC-Lathe-Milling-Machine_1600888691285.html,"$59,400.00 - $65,800.00",Shipping to be negotiated,Min. Order: 1 piece,Easy Return,Image URL Not Available
GVL1800E Heavy Cutting CNC Metal Fanuc Vertical Lathe Machine Low Price,//www.alibaba.com/product-detail/GVL1800E-Heavy-Cutting-CNC-Metal-Fanuc_1601101090166.html,"$189,000.00 - $209,000.00",Shipping to be negotiated,Min. Order: 1 unit,Easy Return,Image URL Not Available
GMV15050RH Heavy Cutting Double Column CNC Gantry Type Milling Machining Center,//www.alibaba.com/product-detail/GMV15050RH-Heavy-Cutting-Double-Column-CNC_1600439566637.html,"$617,000.00 - $683,000.00",Shipping to be negotiated,Min. Order: 1 piece,Easy Return,//sc04.alicdn.com/kf/H22b19388652b4a57ba374369b3b680dc0.png_100x100.png
MVL1890 Big size CNC vertical fanuc milling machine center,//www.alibaba.com/product-detail/MVL1890-Big-size-CNC-vertical-fanuc_1600967420949.html,"$82,200.00 - $91,100.00",Shipping to be negotiated,Min. Order: 1 piece,,//sc04.alicdn.com/kf/H22b19388652b4a57ba374369b3b680dc0.png_100x100.png
V11 CNC vertical fanuc system vertical cnc milling machine  3 axis,//www.alibaba.com/product-detail/V11-CNC-vertical-fanuc-system-vertical_1600952909181.html,"$43,700.00 - $48,400.00",Shipping to be negotiated,Min. Order: 1 piece,,//sc04.alicdn.com/kf/H22b19388652b4a57ba374369b3b680dc0.png_100x100.png
DBM130 Horizontal boring machine  cnc for sale manufacturers,//www.alibaba.com/product-detail/DBM130-Horizontal-boring-machine-cnc-for_1600947649830.html,"$271,000.00 - $300,000.00",Shipping to be negotiated,Min. Order: 1 piece,,Image URL Not Available
MX650 China Strength factory Guosheng 5 Axis CNC vertical milling machining center,//www.alibaba.com/product-detail/MX650-China-Strength-factory-Guosheng-5_1600946258650.html,"$178,000.00 - $197,000.00",Shipping to be negotiated,Min. Order: 1 piece,,Image URL Not Available
